triad_index,source,target,relation
0,T00_adv_P0,T00_adv_P1,none
0,T00_adv_P0,T00_adv_P2,none
0,T00_adv_P0,T00_ret_P0,none
0,T00_adv_P0,T00_ret_P1,creates
0,T00_adv_P0,T00_ret_P2,mirrorOf
0,T00_adv_P1,T00_adv_P0,none
0,T00_adv_P1,T00_adv_P2,none
0,T00_adv_P1,T00_ret_P0,creates
0,T00_adv_P1,T00_ret_P1,mirrorOf
0,T00_adv_P1,T00_ret_P2,creates
0,T00_adv_P2,T00_adv_P0,none
0,T00_adv_P2,T00_adv_P1,none
0,T00_adv_P2,T00_ret_P0,mirrorOf
0,T00_adv_P2,T00_ret_P1,creates
0,T00_adv_P2,T00_ret_P2,none
0,T00_ret_P0,T00_adv_P0,none
0,T00_ret_P0,T00_adv_P1,creates
0,T00_ret_P0,T00_adv_P2,mirrorOf
0,T00_ret_P0,T00_ret_P1,none
0,T00_ret_P0,T00_ret_P2,none
0,T00_ret_P1,T00_adv_P0,creates
0,T00_ret_P1,T00_adv_P1,mirrorOf
0,T00_ret_P1,T00_adv_P2,creates
0,T00_ret_P1,T00_ret_P0,none
0,T00_ret_P1,T00_ret_P2,none
0,T00_ret_P2,T00_adv_P0,mirrorOf
0,T00_ret_P2,T00_adv_P1,creates
0,T00_ret_P2,T00_adv_P2,none
0,T00_ret_P2,T00_ret_P0,none
0,T00_ret_P2,T00_ret_P1,none
1,T01_adv_P0,T01_adv_P1,none
1,T01_adv_P0,T01_adv_P2,none
1,T01_adv_P0,T01_ret_P0,none
1,T01_adv_P0,T01_ret_P1,creates
1,T01_adv_P0,T01_ret_P2,mirrorOf
1,T01_adv_P1,T01_adv_P0,none
1,T01_adv_P1,T01_adv_P2,none
1,T01_adv_P1,T01_ret_P0,creates
1,T01_adv_P1,T01_ret_P1,mirrorOf
1,T01_adv_P1,T01_ret_P2,creates
1,T01_adv_P2,T01_adv_P0,none
1,T01_adv_P2,T01_adv_P1,none
1,T01_adv_P2,T01_ret_P0,mirrorOf
1,T01_adv_P2,T01_ret_P1,creates
1,T01_adv_P2,T01_ret_P2,none
1,T01_ret_P0,T01_adv_P0,none
1,T01_ret_P0,T01_adv_P1,creates
1,T01_ret_P0,T01_adv_P2,mirrorOf
1,T01_ret_P0,T01_ret_P1,none
1,T01_ret_P0,T01_ret_P2,none
1,T01_ret_P1,T01_adv_P0,creates
1,T01_ret_P1,T01_adv_P1,mirrorOf
1,T01_ret_P1,T01_adv_P2,creates
1,T01_ret_P1,T01_ret_P0,none
1,T01_ret_P1,T01_ret_P2,none
1,T01_ret_P2,T01_adv_P0,mirrorOf
1,T01_ret_P2,T01_adv_P1,creates
1,T01_ret_P2,T01_adv_P2,none
1,T01_ret_P2,T01_ret_P0,none
1,T01_ret_P2,T01_ret_P1,none
2,T02_adv_P0,T02_adv_P1,none
2,T02_adv_P0,T02_adv_P2,none
2,T02_adv_P0,T02_ret_P0,none
2,T02_adv_P0,T02_ret_P1,creates
2,T02_adv_P0,T02_ret_P2,mirrorOf
2,T02_adv_P1,T02_adv_P0,none
2,T02_adv_P1,T02_adv_P2,none
2,T02_adv_P1,T02_ret_P0,creates
2,T02_adv_P1,T02_ret_P1,mirrorOf
2,T02_adv_P1,T02_ret_P2,creates
2,T02_adv_P2,T02_adv_P0,none
2,T02_adv_P2,T02_adv_P1,none
2,T02_adv_P2,T02_ret_P0,mirrorOf
2,T02_adv_P2,T02_ret_P1,creates
2,T02_adv_P2,T02_ret_P2,none
2,T02_ret_P0,T02_adv_P0,none
2,T02_ret_P0,T02_adv_P1,creates
2,T02_ret_P0,T02_adv_P2,mirrorOf
2,T02_ret_P0,T02_ret_P1,none
2,T02_ret_P0,T02_ret_P2,none
2,T02_ret_P1,T02_adv_P0,creates
2,T02_ret_P1,T02_adv_P1,mirrorOf
2,T02_ret_P1,T02_adv_P2,creates
2,T02_ret_P1,T02_ret_P0,none
2,T02_ret_P1,T02_ret_P2,none
2,T02_ret_P2,T02_adv_P0,mirrorOf
2,T02_ret_P2,T02_adv_P1,creates
2,T02_ret_P2,T02_adv_P2,none
2,T02_ret_P2,T02_ret_P0,none
2,T02_ret_P2,T02_ret_P1,none
3,T03_adv_P0,T03_adv_P1,none
3,T03_adv_P0,T03_adv_P2,none
3,T03_adv_P0,T03_ret_P0,none
3,T03_adv_P0,T03_ret_P1,creates
3,T03_adv_P0,T03_ret_P2,mirrorOf
3,T03_adv_P1,T03_adv_P0,none
3,T03_adv_P1,T03_adv_P2,none
3,T03_adv_P1,T03_ret_P0,creates
3,T03_adv_P1,T03_ret_P1,mirrorOf
3,T03_adv_P1,T03_ret_P2,creates
3,T03_adv_P2,T03_adv_P0,none
3,T03_adv_P2,T03_adv_P1,none
3,T03_adv_P2,T03_ret_P0,mirrorOf
3,T03_adv_P2,T03_ret_P1,creates
3,T03_adv_P2,T03_ret_P2,none
3,T03_ret_P0,T03_adv_P0,none
3,T03_ret_P0,T03_adv_P1,creates
3,T03_ret_P0,T03_adv_P2,mirrorOf
3,T03_ret_P0,T03_ret_P1,none
3,T03_ret_P0,T03_ret_P2,none
3,T03_ret_P1,T03_adv_P0,creates
3,T03_ret_P1,T03_adv_P1,mirrorOf
3,T03_ret_P1,T03_adv_P2,creates
3,T03_ret_P1,T03_ret_P0,none
3,T03_ret_P1,T03_ret_P2,none
3,T03_ret_P2,T03_adv_P0,mirrorOf
3,T03_ret_P2,T03_adv_P1,creates
3,T03_ret_P2,T03_adv_P2,none
3,T03_ret_P2,T03_ret_P0,none
3,T03_ret_P2,T03_ret_P1,none
4,T04_adv_P0,T04_adv_P1,none
4,T04_adv_P0,T04_adv_P2,none
4,T04_adv_P0,T04_ret_P0,none
4,T04_adv_P0,T04_ret_P1,creates
4,T04_adv_P0,T04_ret_P2,mirrorOf
4,T04_adv_P1,T04_adv_P0,none
4,T04_adv_P1,T04_adv_P2,none
4,T04_adv_P1,T04_ret_P0,creates
4,T04_adv_P1,T04_ret_P1,mirrorOf
4,T04_adv_P1,T04_ret_P2,creates
4,T04_adv_P2,T04_adv_P0,none
4,T04_adv_P2,T04_adv_P1,none
4,T04_adv_P2,T04_ret_P0,mirrorOf
4,T04_adv_P2,T04_ret_P1,creates
4,T04_adv_P2,T04_ret_P2,none
4,T04_ret_P0,T04_adv_P0,none
4,T04_ret_P0,T04_adv_P1,creates
4,T04_ret_P0,T04_adv_P2,mirrorOf
4,T04_ret_P0,T04_ret_P1,none
4,T04_ret_P0,T04_ret_P2,none
4,T04_ret_P1,T04_adv_P0,creates
4,T04_ret_P1,T04_adv_P1,mirrorOf
4,T04_ret_P1,T04_adv_P2,creates
4,T04_ret_P1,T04_ret_P0,none
4,T04_ret_P1,T04_ret_P2,none
4,T04_ret_P2,T04_adv_P0,mirrorOf
4,T04_ret_P2,T04_adv_P1,creates
4,T04_ret_P2,T04_adv_P2,none
4,T04_ret_P2,T04_ret_P0,none
4,T04_ret_P2,T04_ret_P1,none
5,T05_adv_P0,T05_adv_P1,none
5,T05_adv_P0,T05_adv_P2,none
5,T05_adv_P0,T05_ret_P0,none
5,T05_adv_P0,T05_ret_P1,creates
5,T05_adv_P0,T05_ret_P2,mirrorOf
5,T05_adv_P1,T05_adv_P0,none
5,T05_adv_P1,T05_adv_P2,none
5,T05_adv_P1,T05_ret_P0,creates
5,T05_adv_P1,T05_ret_P1,mirrorOf
5,T05_adv_P1,T05_ret_P2,creates
5,T05_adv_P2,T05_adv_P0,none
5,T05_adv_P2,T05_adv_P1,none
5,T05_adv_P2,T05_ret_P0,mirrorOf
5,T05_adv_P2,T05_ret_P1,creates
5,T05_adv_P2,T05_ret_P2,none
5,T05_ret_P0,T05_adv_P0,none
5,T05_ret_P0,T05_adv_P1,creates
5,T05_ret_P0,T05_adv_P2,mirrorOf
5,T05_ret_P0,T05_ret_P1,none
5,T05_ret_P0,T05_ret_P2,none
5,T05_ret_P1,T05_adv_P0,creates
5,T05_ret_P1,T05_adv_P1,mirrorOf
5,T05_ret_P1,T05_adv_P2,creates
5,T05_ret_P1,T05_ret_P0,none
5,T05_ret_P1,T05_ret_P2,none
5,T05_ret_P2,T05_adv_P0,mirrorOf
5,T05_ret_P2,T05_adv_P1,creates
5,T05_ret_P2,T05_adv_P2,none
5,T05_ret_P2,T05_ret_P0,none
5,T05_ret_P2,T05_ret_P1,none
6,T06_adv_P0,T06_adv_P1,none
6,T06_adv_P0,T06_adv_P2,none
6,T06_adv_P0,T06_ret_P0,none
6,T06_adv_P0,T06_ret_P1,creates
6,T06_adv_P0,T06_ret_P2,mirrorOf
6,T06_adv_P1,T06_adv_P0,none
6,T06_adv_P1,T06_adv_P2,none
6,T06_adv_P1,T06_ret_P0,creates
6,T06_adv_P1,T06_ret_P1,mirrorOf
6,T06_adv_P1,T06_ret_P2,creates
6,T06_adv_P2,T06_adv_P0,none
6,T06_adv_P2,T06_adv_P1,none
6,T06_adv_P2,T06_ret_P0,mirrorOf
6,T06_adv_P2,T06_ret_P1,creates
6,T06_adv_P2,T06_ret_P2,none
6,T06_ret_P0,T06_adv_P0,none
6,T06_ret_P0,T06_adv_P1,creates
6,T06_ret_P0,T06_adv_P2,mirrorOf
6,T06_ret_P0,T06_ret_P1,none
6,T06_ret_P0,T06_ret_P2,none
6,T06_ret_P1,T06_adv_P0,creates
6,T06_ret_P1,T06_adv_P1,mirrorOf
6,T06_ret_P1,T06_adv_P2,creates
6,T06_ret_P1,T06_ret_P0,none
6,T06_ret_P1,T06_ret_P2,none
6,T06_ret_P2,T06_adv_P0,mirrorOf
6,T06_ret_P2,T06_adv_P1,creates
6,T06_ret_P2,T06_adv_P2,none
6,T06_ret_P2,T06_ret_P0,none
6,T06_ret_P2,T06_ret_P1,none
7,T07_adv_P0,T07_adv_P1,none
7,T07_adv_P0,T07_adv_P2,none
7,T07_adv_P0,T07_ret_P0,none
7,T07_adv_P0,T07_ret_P1,creates
7,T07_adv_P0,T07_ret_P2,mirrorOf
7,T07_adv_P1,T07_adv_P0,none
7,T07_adv_P1,T07_adv_P2,none
7,T07_adv_P1,T07_ret_P0,creates
7,T07_adv_P1,T07_ret_P1,mirrorOf
7,T07_adv_P1,T07_ret_P2,creates
7,T07_adv_P2,T07_adv_P0,none
7,T07_adv_P2,T07_adv_P1,none
7,T07_adv_P2,T07_ret_P0,mirrorOf
7,T07_adv_P2,T07_ret_P1,creates
7,T07_adv_P2,T07_ret_P2,none
7,T07_ret_P0,T07_adv_P0,none
7,T07_ret_P0,T07_adv_P1,creates
7,T07_ret_P0,T07_adv_P2,mirrorOf
7,T07_ret_P0,T07_ret_P1,none
7,T07_ret_P0,T07_ret_P2,none
7,T07_ret_P1,T07_adv_P0,creates
7,T07_ret_P1,T07_adv_P1,mirrorOf
7,T07_ret_P1,T07_adv_P2,creates
7,T07_ret_P1,T07_ret_P0,none
7,T07_ret_P1,T07_ret_P2,none
7,T07_ret_P2,T07_adv_P0,mirrorOf
7,T07_ret_P2,T07_adv_P1,creates
7,T07_ret_P2,T07_adv_P2,none
7,T07_ret_P2,T07_ret_P0,none
7,T07_ret_P2,T07_ret_P1,none
8,T08_adv_P0,T08_adv_P1,none
8,T08_adv_P0,T08_adv_P2,none
8,T08_adv_P0,T08_ret_P0,none
8,T08_adv_P0,T08_ret_P1,creates
8,T08_adv_P0,T08_ret_P2,mirrorOf
8,T08_adv_P1,T08_adv_P0,none
8,T08_adv_P1,T08_adv_P2,none
8,T08_adv_P1,T08_ret_P0,creates
8,T08_adv_P1,T08_ret_P1,mirrorOf
8,T08_adv_P1,T08_ret_P2,creates
8,T08_adv_P2,T08_adv_P0,none
8,T08_adv_P2,T08_adv_P1,none
8,T08_adv_P2,T08_ret_P0,mirrorOf
8,T08_adv_P2,T08_ret_P1,creates
8,T08_adv_P2,T08_ret_P2,none
8,T08_ret_P0,T08_adv_P0,none
8,T08_ret_P0,T08_adv_P1,creates
8,T08_ret_P0,T08_adv_P2,mirrorOf
8,T08_ret_P0,T08_ret_P1,none
8,T08_ret_P0,T08_ret_P2,none
8,T08_ret_P1,T08_adv_P0,creates
8,T08_ret_P1,T08_adv_P1,mirrorOf
8,T08_ret_P1,T08_adv_P2,creates
8,T08_ret_P1,T08_ret_P0,none
8,T08_ret_P1,T08_ret_P2,none
8,T08_ret_P2,T08_adv_P0,mirrorOf
8,T08_ret_P2,T08_adv_P1,creates
8,T08_ret_P2,T08_adv_P2,none
8,T08_ret_P2,T08_ret_P0,none
8,T08_ret_P2,T08_ret_P1,none
9,T09_adv_P0,T09_adv_P1,none
9,T09_adv_P0,T09_adv_P2,none
9,T09_adv_P0,T09_ret_P0,none
9,T09_adv_P0,T09_ret_P1,creates
9,T09_adv_P0,T09_ret_P2,mirrorOf
9,T09_adv_P1,T09_adv_P0,none
9,T09_adv_P1,T09_adv_P2,none
9,T09_adv_P1,T09_ret_P0,creates
9,T09_adv_P1,T09_ret_P1,mirrorOf
9,T09_adv_P1,T09_ret_P2,creates
9,T09_adv_P2,T09_adv_P0,none
9,T09_adv_P2,T09_adv_P1,none
9,T09_adv_P2,T09_ret_P0,mirrorOf
9,T09_adv_P2,T09_ret_P1,creates
9,T09_adv_P2,T09_ret_P2,none
9,T09_ret_P0,T09_adv_P0,none
9,T09_ret_P0,T09_adv_P1,creates
9,T09_ret_P0,T09_adv_P2,mirrorOf
9,T09_ret_P0,T09_ret_P1,none
9,T09_ret_P0,T09_ret_P2,none
9,T09_ret_P1,T09_adv_P0,creates
9,T09_ret_P1,T09_adv_P1,mirrorOf
9,T09_ret_P1,T09_adv_P2,creates
9,T09_ret_P1,T09_ret_P0,none
9,T09_ret_P1,T09_ret_P2,none
9,T09_ret_P2,T09_adv_P0,mirrorOf
9,T09_ret_P2,T09_adv_P1,creates
9,T09_ret_P2,T09_adv_P2,none
9,T09_ret_P2,T09_ret_P0,none
9,T09_ret_P2,T09_ret_P1,none
10,T10_adv_P0,T10_adv_P1,none
10,T10_adv_P0,T10_adv_P2,none
10,T10_adv_P0,T10_ret_P0,none
10,T10_adv_P0,T10_ret_P1,creates
10,T10_adv_P0,T10_ret_P2,mirrorOf
10,T10_adv_P1,T10_adv_P0,none
10,T10_adv_P1,T10_adv_P2,none
10,T10_adv_P1,T10_ret_P0,creates
10,T10_adv_P1,T10_ret_P1,mirrorOf
10,T10_adv_P1,T10_ret_P2,creates
10,T10_adv_P2,T10_adv_P0,none
10,T10_adv_P2,T10_adv_P1,none
10,T10_adv_P2,T10_ret_P0,mirrorOf
10,T10_adv_P2,T10_ret_P1,creates
10,T10_adv_P2,T10_ret_P2,none
10,T10_ret_P0,T10_adv_P0,none
10,T10_ret_P0,T10_adv_P1,creates
10,T10_ret_P0,T10_adv_P2,mirrorOf
10,T10_ret_P0,T10_ret_P1,none
10,T10_ret_P0,T10_ret_P2,none
10,T10_ret_P1,T10_adv_P0,creates
10,T10_ret_P1,T10_adv_P1,mirrorOf
10,T10_ret_P1,T10_adv_P2,creates
10,T10_ret_P1,T10_ret_P0,none
10,T10_ret_P1,T10_ret_P2,none
10,T10_ret_P2,T10_adv_P0,mirrorOf
10,T10_ret_P2,T10_adv_P1,creates
10,T10_ret_P2,T10_adv_P2,none
10,T10_ret_P2,T10_ret_P0,none
10,T10_ret_P2,T10_ret_P1,none
11,T11_adv_P0,T11_adv_P1,none
11,T11_adv_P0,T11_adv_P2,none
11,T11_adv_P0,T11_ret_P0,none
11,T11_adv_P0,T11_ret_P1,creates
11,T11_adv_P0,T11_ret_P2,mirrorOf
11,T11_adv_P1,T11_adv_P0,none
11,T11_adv_P1,T11_adv_P2,none
11,T11_adv_P1,T11_ret_P0,creates
11,T11_adv_P1,T11_ret_P1,mirrorOf
11,T11_adv_P1,T11_ret_P2,creates
11,T11_adv_P2,T11_adv_P0,none
11,T11_adv_P2,T11_adv_P1,none
11,T11_adv_P2,T11_ret_P0,mirrorOf
11,T11_adv_P2,T11_ret_P1,creates
11,T11_adv_P2,T11_ret_P2,none
11,T11_ret_P0,T11_adv_P0,none
11,T11_ret_P0,T11_adv_P1,creates
11,T11_ret_P0,T11_adv_P2,mirrorOf
11,T11_ret_P0,T11_ret_P1,none
11,T11_ret_P0,T11_ret_P2,none
11,T11_ret_P1,T11_adv_P0,creates
11,T11_ret_P1,T11_adv_P1,mirrorOf
11,T11_ret_P1,T11_adv_P2,creates
11,T11_ret_P1,T11_ret_P0,none
11,T11_ret_P1,T11_ret_P2,none
11,T11_ret_P2,T11_adv_P0,mirrorOf
11,T11_ret_P2,T11_adv_P1,creates
11,T11_ret_P2,T11_adv_P2,none
11,T11_ret_P2,T11_ret_P0,none
11,T11_ret_P2,T11_ret_P1,none
12,T12_adv_P0,T12_adv_P1,none
12,T12_adv_P0,T12_adv_P2,none
12,T12_adv_P0,T12_ret_P0,none
12,T12_adv_P0,T12_ret_P1,creates
12,T12_adv_P0,T12_ret_P2,mirrorOf
12,T12_adv_P1,T12_adv_P0,none
12,T12_adv_P1,T12_adv_P2,none
12,T12_adv_P1,T12_ret_P0,creates
12,T12_adv_P1,T12_ret_P1,mirrorOf
12,T12_adv_P1,T12_ret_P2,creates
12,T12_adv_P2,T12_adv_P0,none
12,T12_adv_P2,T12_adv_P1,none
12,T12_adv_P2,T12_ret_P0,mirrorOf
12,T12_adv_P2,T12_ret_P1,creates
12,T12_adv_P2,T12_ret_P2,none
12,T12_ret_P0,T12_adv_P0,none
12,T12_ret_P0,T12_adv_P1,creates
12,T12_ret_P0,T12_adv_P2,mirrorOf
12,T12_ret_P0,T12_ret_P1,none
12,T12_ret_P0,T12_ret_P2,none
12,T12_ret_P1,T12_adv_P0,creates
12,T12_ret_P1,T12_adv_P1,mirrorOf
12,T12_ret_P1,T12_adv_P2,creates
12,T12_ret_P1,T12_ret_P0,none
12,T12_ret_P1,T12_ret_P2,none
12,T12_ret_P2,T12_adv_P0,mirrorOf
12,T12_ret_P2,T12_adv_P1,creates
12,T12_ret_P2,T12_adv_P2,none
12,T12_ret_P2,T12_ret_P0,none
12,T12_ret_P2,T12_ret_P1,none
